{
	"a0": {
		"TEXT": "The first day has ended and our colony needs power to grow, what should we do?",
		"GUIDE": "Harald Leshy",
		"EMOTE": "Content",
		"KOMMENTAR": "It's our first day on this new planet - Let's try not to ruin this one too!\nWe'll have to balance production of food and energy until this world is ecologically stable...\nAnyway, for your first decision as leader of this colony, let's start with something easy!",
		"B1": "Chop some trees for firewood.",
		"Food1": 0,
		"Energy1": 30,
		"Wood1": -10,
		"CO2_1": 100,
		"B2": "Construct new wind turbines.",
		"Food2": 0,
   	 	"Energy2": 20,
   	 	"Wood2": 0,
   	 	"CO2_2": 0
	},
	"a1": {
		"TEXT": "Floods and irregular rainfall pose a risk to our people and the forests.",
		"GUIDE": "Al'ien Gore",
		"EMOTE": "Sad",
		"KOMMENTAR": "Cloud seeding is an innovative way to combat droughts, but might have unforeseeable consequences.\nThe weather may become unpredictable, and results are inconsistent.",
		"B1": "Implement water management strategies\nand preventative measures against soil erosion.",
		"Food1": 10,
		"Energy1": -10,
		"Wood1": -10,
		"CO2_1": 0,
		"B2": "Send out planes and initiate cloud seeding.",
		"Food2": 0,
		"Energy2": -10,
		"Wood2": 0,
		"CO2_2": 50
	},
	"a2": {
		"TEXT": "An oil well is engulfed in a blazing inferno.\n We need to act fast!",
		"GUIDE": "Harald Leshy",
		"EMOTE": "Shocked",
		"KOMMENTAR": "Now I know this sounds insane, but an explosion might blow out the fire like blowing out a candle - Fightíng fire with fire...",
		"B1": "Blow up the well! BOOM!",
		"Food1": 0,
		"Energy1": 0,
		"Wood1": -10,
		"CO2_1": 50,
		"B2": "Extinguish the fire with water from fire planes.",
		"Food2": 0,
		"Energy2": 0,
		"Wood2": -20,
		"CO2_2": 100
	},
	"a3": {
		"TEXT": "The heating climate and increased travel have introduced new and more voracious vermin to our forest as invasive species.",
		"GUIDE": "Al'ien Gore",
		"EMOTE": "Disgusted",
		"KOMMENTAR": "Yes, yes, cutting down trees hurts at first. However, a diverse forest is more resilient, which helps against pests in the long run.",
		"B1": "Cut down monocultures \nand replant a more diverse forest.",
		"Food1": -10,
   	 	"Energy1": 0,
		"Wood1": -30,
		"CO2_1": 0,
		"B2": "Call the exterminators and cull the pests.",
		"Food2": -30,
		"Energy2": 0,
		"Wood2": 0,
		"CO2_2": 100
	},
	"a4": {
		"TEXT": "The atmosphere is heating up, and carbon emissions are at an all-time high.",
		"GUIDE": "Harald Leshy",
		"EMOTE": "Angry",
		"KOMMENTAR": "BECCS (Bioenergy with Carbon Capture and Storage).works[,]  by growing plants, burning them to produce energie and storing the greenhouse gases,  but it's hella expensive and requires a ton more land, which can lead to conflicts with agriculture.",
		"B1": "Plant more trees for carbon sequestration.",
		"Food1": 20,
		"Energy1": 0,
		"Wood1": 50,
		"CO2_1": -50,
		"B2": "Use BECCS\n(Bioenergy with Carbon Capture and Storage).",
		"Food2": 0,
		"Energy2": 20,
		"Wood2": -20,
		"CO2_2": -50
	},
	"a5": {
		"TEXT": "There is no wind and little sunlight and renewable energy power plants are running at low capacity.",
		"GUIDE": "Al'ien Gore",
		"EMOTE": "Content",
		"KOMMENTAR": "Both solutions may be viable, but energy storage reuses surplus energy instead of relying on fossil fuels, even if the payoff might take some time in a dunkelflaute - a period of time during which renewable energy sources are slowed down by natural causes.",
		"B1": "Supplement power with fossil fuels.",
		"Food1": 0,
		"Energy1": 30,
		"Wood1": -50,
		"CO2_1": 200,
		"B2": "Endure!\n Build more energy storage.",
		"Food2": -20,
		"Energy2": 20,
		"Wood2": -10,
		"CO2_2": 0
	},	
	"a6": {
		"TEXT": "Rising global temperatures have caused a drought, and your crops lack the necessary water to grow.",
		"GUIDE": "Harald Leshy",
		"EMOTE": "Shocked",
		"KOMMENTAR": "A dam will flood a large area that was previously usable, altering river flow and leading to habitat loss for both people and animals.",
		"B1": "Invest in more efficient irrigation\nand drought-resistant agriculture.",
		"Food1": 10,
		"Energy1": 10,
		"Wood1": 10,
		"CO2_1": 0,
		"B2": "Invest in large dams and diverge\nrivers from less habitable land.",
		"Food2": -20,
		"Energy2": 20,
		"Wood2": -20,
		"CO2_2": 100
	},	
	"a7": {
		"TEXT": "A community faces a shortage of fresh water due to growing population demands.",
		"GUIDE": "Al'ien Gore",
		"EMOTE": "Angry",
		"KOMMENTAR": "Desalination can provide an immediate solution, but it is energy-intensive and can harm marine ecosystems if not managed carefully. Water-saving policies are more sustainable in the long term",
		"B1": "Implement water-saving technologies\nand policies in urban areas.",
		"Food1": 20,
		"Energy1": -10,
		"Wood1": 0,
		"CO2_1": 0,
		"B2": "Construct desalination plants to convert\nseawater into fresh water.",
		"Food2": 20,
		"Energy2": 20,
		"Wood2": -20,
		"CO2_2": 200
	},	
	"a8": {
		"TEXT": "A large grain field is on fire and it is about to spread to the surrounding area. The people are in a panic!",
		"GUIDE": "Harald Leshy",
		"EMOTE": "Sad",
		"KOMMENTAR": "Sometimes a more hands-off approach is necessary, even if that means sacrifices will have to be made…",
		"B1": "Mobilize all available forces\nto extinguish the fire.",
		"Food1": -30,
		"Energy1": -30,
		"Wood1": -30,
		"CO2_1": 150,
		"B2": "Cut strategic lines through the field\nand let nature run its course.",
		"Food2": -10,
		"Energy2": 0,
		"Wood2": -20,
		"CO2_2": 50
	},	
	"a9": {
		"TEXT": "The ocean's fish populations have dropped significantly due to overfishing.",
		"GUIDE": "Al'ien Gore",
		"EMOTE": "Disgusted",
		"KOMMENTAR": "While aquaculture can relieve pressure on wild fish populations, poorly managed farms can lead to water pollution and disease, impacting nearby ecosystems. Not to speak of the inhumane conditions the fish would have to live at those farms…",
		"B1": "Implement strict fishing quotas\nand establish protected marine reserves.",
		"Food1": 30,
		"Energy1":-20,
		"Wood1": 0,
		"CO2_1": 0,
		"B2": "Encourage the development\nof aquaculture to replace wild-caught fish.",
		"Food2": 10,
		"Energy2": -30,
		"Wood2": -30,
		"CO2_2": 100
	}
}
